i_saw_her_standing_there;please_please_me;mccartney, lennon;misery;please_please_me;mccartney, lennon;anna_go_to_him;please_please_me;alexander;chains;please_please_me;goffin, king;boys;please_please_me;dixon, farrell;ask_me_why;please_please_me;mccartney, lennon;please_please_me;please_please_me;mccartney, lennon;love_me_do;please_please_me;mccartney, lennon;ps_i_love_you;please_please_me;mccartney, lennon;baby_its_you;please_please_me;david, bacharach, williams;do_you_want_to_know_a_secret;please_please_me;mccartney, lennon;a_taste_of_honey;please_please_me;marlow, scott ;theres_a_place;please_please_me;mccartney, lennon;twist_and_shout;please_please_me;medley, russell;it_wont_be_long;with_the_beatles;mccartney, lennon;all_ive_got_to_do;with_the_beatles;mccartney, lennon;all_my_loving;with_the_beatles;mccartney, lennon;dont_bother_me;with_the_beatles;harrison;little_child;with_the_beatles;mccartney, lennon;till_there_was_you;with_the_beatles;willson;please_mr_postman;with_the_beatles;garrett, dobbins, holland, gorman, bateman;roll_over_beethoven;with_the_beatles;berry;hold_me_tight;with_the_beatles;mccartney, lennon;you_really_got_a_hold_on_me;with_the_beatles;robinson;i_wanna_be_your_man;with_the_beatles;mccartney, lennon;devil_in_her_heart;with_the_beatles;drapkin;not_a_second_time;with_the_beatles;mccartney, lennon;money_thats_what_i_want;with_the_beatles;bradford, gordy;a_hard_days_night;a_hard_days_night;mccartney, lennon;i_should_have_known_better;a_hard_days_night;mccartney, lennon;if_i_fell;a_hard_days_night;mccartney, lennon;im_happy_just_to_dance_with_you;a_hard_days_night;mccartney, lennon;and_i_love_her;a_hard_days_night;mccartney, lennon;tell_me_why;a_hard_days_night;mccartney, lennon;cant_buy_me_love;a_hard_days_night;mccartney, lennon;any_time_at_all;a_hard_days_night;mccartney, lennon;ill_cry_instead;a_hard_days_night;mccartney, lennon;things_we_said_today;a_hard_days_night;mccartney, lennon;when_i_get_home;a_hard_days_night;mccartney, lennon;you_cant_do_that;a_hard_days_night;mccartney, lennon;ill_be_back;a_hard_days_night;mccartney, lennon;no_reply;beatles_for_sale;mccartney, lennon;im_a_loser;beatles_for_sale;mccartney, lennon;babys_in_black;beatles_for_sale;mccartney, lennon;rock_and_roll_music;beatles_for_sale;berry;ill_follow_the_sun;beatles_for_sale;mccartney, lennon;mr_moonlight;beatles_for_sale;johnson;kansas_city_hey_hey_hey_hey;beatles_for_sale;leiber, stoller, penniman;eight_days_a_week;beatles_for_sale;mccartney, lennon;words_of_love;beatles_for_sale;holly;honey_dont;beatles_for_sale;perkins;every_little_thing;beatles_for_sale;mccartney, lennon;i_dont_want_to_spoil_the_party;beatles_for_sale;mccartney, lennon;what_youre_doing;beatles_for_sale;mccartney, lennon;everybodys_trying_to_be_my_baby;beatles_for_sale;perkins;help;help;mccartney, lennon;the_night_before;help;mccartney, lennon;youve_got_to_hide_your_love_away;help;mccartney, lennon;i_need_you;help;harrison;another_girl;help;mccartney, lennon;youre_going_to_lose_that_girl;help;mccartney, lennon;ticket_to_ride;help;mccartney, lennon;act_naturally;help;morrison, russell;its_only_love;help;mccartney, lennon;you_like_me_too_much;help;harrison;tell_me_what_you_see;help;mccartney, lennon;ive_just_seen_a_face;help;mccartney, lennon;yesterday;help;mccartney, lennon;dizzy_miss_lizzy;help;williams;drive_my_car;rubber_soul;mccartney, lennon;norwegian_wood_the_bird_has_flown;rubber_soul;mccartney, lennon;you_wont_see_me;rubber_soul;mccartney, lennon;nowhere_man;rubber_soul;mccartney, lennon;think_for_yourself;rubber_soul;harrison;the_word;rubber_soul;mccartney, lennon;michelle;rubber_soul;mccartney, lennon;what_goes_on;rubber_soul;mccartney, lennon, starkey;girl;rubber_soul;mccartney, lennon;im_looking_through_you;rubber_soul;mccartney, lennon;in_my_life;rubber_soul;mccartney, lennon;wait;rubber_soul;mccartney, lennon;if_i_needed_someone;rubber_soul;harrison;run_for_your_life;rubber_soul;mccartney, lennon;taxman;revolver;harrison;eleanor_rigby;revolver;mccartney, lennon;im_only_sleeping;revolver;mccartney, lennon;love_you_to;revolver;harrison;here_there_and_everywhere;revolver;mccartney, lennon;yellow_submarine;revolver;mccartney, lennon;she_said_she_said;revolver;mccartney, lennon;good_day_sunshine;revolver;mccartney, lennon;and_your_bird_can_sing;revolver;mccartney, lennon;for_no_one;revolver;mccartney, lennon;doctor_robert;revolver;mccartney, lennon;i_want_to_tell_you;revolver;harrison;got_to_get_you_into_my_life;revolver;mccartney, lennon;tomorrow_never_knows;revolver;mccartney, lennon;sgt_peppers_lonely_hearts_club_band;sgt_peppers_lonely_hearts_club_band;mccartney, lennon;with_a_little_help_from_my_friends;sgt_peppers_lonely_hearts_club_band;mccartney, lennon;lucy_in_the_sky_with_diamonds;sgt_peppers_lonely_hearts_club_band;mccartney, lennon;getting_better;sgt_peppers_lonely_hearts_club_band;mccartney, lennon;fixing_a_hole;sgt_peppers_lonely_hearts_club_band;mccartney, lennon;shes_leaving_you;sgt_peppers_lonely_hearts_club_band;mccartney, lennon;being_for_the_benefit_of_mr_kite!;sgt_peppers_lonely_hearts_club_band;mccartney, lennon;within_you_without_you;sgt_peppers_lonely_hearts_club_band;harrison;when_im_sixty-four;sgt_peppers_lonely_hearts_club_band;mccartney, lennon;lovely_rita;sgt_peppers_lonely_hearts_club_band;mccartney, lennon;good_morning_good_morning;sgt_peppers_lonely_hearts_club_band;mccartney, lennon;sgt_peppers_lonely_hearts_club_band_reprise;sgt_peppers_lonely_hearts_club_band;mccartney, lennon;a_day_in_the_life;sgt_peppers_lonely_hearts_club_band;mccartney, lennon;magical_mystery_tour;magical_mystery_tour;mccartney, lennon;the_fool_on_the_hill;magical_mystery_tour;mccartney, lennon;flying;magical_mystery_tour;mccartney, lennon, harrison, starkey;blue_jay_way;magical_mystery_tour;harrison;your_mother_should_know;magical_mystery_tour;mccartney, lennon;i_am_the_walrus;magical_mystery_tour;mccartney, lennon;hello_goodbye;magical_mystery_tour;mccartney, lennon;strawberry_fields_forever;magical_mystery_tour;mccartney, lennon;penny_lane;magical_mystery_tour;mccartney, lennon;baby_youre_a_rich_man;magical_mystery_tour;mccartney, lennon;all_you_need_is_love;magical_mystery_tour;mccartney, lennon;back_in_the_ussr;the_beatles;mccartney, lennon;dear_prudence;the_beatles;mccartney, lennon;glass_onion;the_beatles;mccartney, lennon;ob-la-di_ob-la-da;the_beatles;mccartney, lennon;wild_honey_pie;the_beatles;mccartney, lennon;the_continuing_story_of_bungalow_bill;the_beatles;mccartney, lennon;while_my_guitar_gently_weeps;the_beatles;harrison;happiness_is_a_warm_gun;the_beatles;mccartney, lennon;martha_my_dear;the_beatles;mccartney, lennon;im_so_tired;the_beatles;mccartney, lennon;blackbird;the_beatles;mccartney, lennon;piggies;the_beatles;harrison;rocky_raccoon;the_beatles;mccartney, lennon;dont_pass_me_by;the_beatles;starkey;why_dont_we_do_it_in_the_road;the_beatles;mccartney, lennon;i_will;the_beatles;mccartney, lennon;julia;the_beatles;mccartney, lennon;birthday;the_beatles;mccartney, lennon;yer_blues;the_beatles;mccartney, lennon;mother_natures_son;the_beatles;mccartney, lennon;everybodys_got_something_to_hide_except_me_and_my_monkey;the_beatles;mccartney, lennon;sexy_sadie;the_beatles;mccartney, lennon;helter_skelter;the_beatles;mccartney, lennon;long_long_long;the_beatles;harrison;revolution_1;the_beatles;mccartney, lennon;honey_pie;the_beatles;mccartney, lennon;savoy_truffle;the_beatles;harrison;cry_baby_cry;the_beatles;mccartney, lennon;revolution_9;the_beatles;mccartney, lennon;good_night;the_beatles;mccartney, lennon;only_a_northern_song;yellow_submarine;harrison;all_together_now;yellow_submarine;mccartney, lennon;hey_bulldog;yellow_submarine;mccartney, lennon;its_all_too_much;yellow_submarine;harrison;come_together;abbey_road;mccartney, lennon;something;abbey_road;harrison;maxwells_silver_hammer;abbey_road;mccartney, lennon;oh!_darling;abbey_road;mccartney, lennon;octopuss_garden;abbey_road;starkey;i_want_you_shes_so_heavy;abbey_road;mccartney, lennon;here_comes_the_sun;abbey_road;harrison;because;abbey_road;mccartney, lennon;you_never_give_me_your_money;abbey_road;mccartney, lennon;sun_king;abbey_road;mccartney, lennon;mean_mr_mustard;abbey_road;mccartney, lennon;polythene_pam;abbey_road;mccartney, lennon;she_came_in_through_the_bathroom_window;abbey_road;mccartney, lennon;golden_slumbers;abbey_road;mccartney, lennon;carry_that_weight;abbey_road;mccartney, lennon;the_end;abbey_road;mccartney, lennon;her_majesty;abbey_road;mccartney, lennon;two_of_us;let_it_be;mccartney, lennon;dig_a_pony;let_it_be;mccartney, lennon;across_the_universe;let_it_be;mccartney, lennon;i_me_mine;let_it_be;harrison;dig_it;let_it_be;mccartney, lennon, harrison, starkey;maggie_mae;let_it_be;traditional;ive_got_a_feeling;let_it_be;mccartney, lennon;one_after_909;let_it_be;mccartney, lennon;the_long_and_winding_road;let_it_be;mccartney, lennon;for_your_blue;let_it_be;harrison;get_back;let_it_be;mccartney, lennon;from_me_to_you;single;mccartney, lennon;04 62thank_you_girl;single;mccartney, lennon;04 62she_loves_you;single;mccartney, lennon;08 63ill_get_you;single;mccartney, lennon;08 63i_want_to_hold_your_hand;single;mccartney, lennon;11 63this_boy;single;mccartney, lennon;11 63cry_for_a_shadow;single;harrison, lennon;03 64i_feel_fine;single;mccartney, lennon;11 64shes_a_woman;single;mccartney, lennon;11 64yes_it_is;single;mccartney, lennon;04 65im_down;single;mccartney, lennon;07 65we_can_work_it_out;single;mccartney, lennon;12 65day_tripper;single;mccartney, lennon;12 65paperback_writer;single;mccartney, lennon;06 66rain;single;mccartney, lennon;06 66lady_madonna;single;mccartney, lennon;03 68the_inner_light;single;harrison;03 68hey_jude;single;mccartney, lennon;08 68dont_let_me_down;single;mccartney, lennon;04 69the_ballad_of_john_and_yoko;single;mccartney, lennon;05 69old_brown_shoe;single;harrison;05 69you_know_my_name_look_up_the_number;single;mccartney, lennon;03 70;;;;;;;;;;;;;;;;;;;;;;;;;;;;;;;;;;;;